"STATION","NAME","LATITUDE","LONGITUDE","ELEVATION","DATE","TEMP","TEMP_ATTRIBUTES"
"76843099999","TUXTLA GUTIERREZ CHIS., MX","16.75","-93.1333333","576.0","2018-01-01","  75.0","18"
"76843099999","TUXTLA GUTIERREZ CHIS., MX","16.75","-93.1333333","576.0","2018-01-02","  71.7","18"
"76843099999","TUXTLA GUTIERREZ CHIS., MX","16.75","-93.1333333","576.0","2018-01-03","  68.6","21"
"76843099999","TUXTLA GUTIERREZ CHIS., MX","16.75","-93.1333333","576.0","2018-01-04","  67.2","21"
"76843099999","TUXTLA GUTIERREZ CHIS., MX","16.75","-93.1333333","576.0","2018-01-05","  67.9","21"
"76843099999","TUXTLA GUTIERREZ CHIS., MX","16.75","-93.1333333","576.0","2018-01-06","  67.4","20"
"76843099999","TUXTLA GUTIERREZ CHIS., MX","16.75","-93.1333333","576.0","2018-01-07","  68.7","21"
"76843099999","TUXTLA GUTIERREZ CHIS., MX","16.75","-93.1333333","576.0","2018-01-08","  66.6","23"
"76843099999","TUXTLA GUTIERREZ CHIS., MX","16.75","-93.1333333","576.0","2018-01-09","  71.6","20"
"76843099999","TUXTLA GUTIERREZ CHIS., MX","16.75","-93.1333333","576.0","2018-01-10","  69.7","21"
"76843099999","TUXTLA GUTIERREZ CHIS., MX","16.75","-93.1333333","576.0","2018-01-11","  71.4","19"
"76843099999","TUXTLA GUTIERREZ CHIS., MX","16.75","-93.1333333","576.0","2018-01-12","  69.4","20"
"76843099999","TUXTLA GUTIERREZ CHIS., MX","16.75","-93.1333333","576.0","2018-01-13","  65.5","20"
"76843099999","TUXTLA GUTIERREZ CHIS., MX","16.75","-93.1333333","576.0","2018-01-14","  65.7","20"
"76843099999","TUXTLA GUTIERREZ CHIS., MX","16.75","-93.1333333","576.0","2018-01-15","  63.8","21"
"76843099999","TUXTLA GUTIERREZ CHIS., MX","16.75","-93.1333333","576.0","2018-01-16","  63.1","21"
"76843099999","TUXTLA GUTIERREZ CHIS., MX","16.75","-93.1333333","576.0","2018-01-17","  68.2","20"
"76843099999","TUXTLA GUTIERREZ CHIS., MX","16.75","-93.1333333","576.0","2018-01-18","  65.8","18"
"76843099999","TUXTLA GUTIERREZ CHIS., MX","16.75","-93.1333333","576.0","2018-01-19","  65.6","20"
"76843099999","TUXTLA GUTIERREZ CHIS., MX","16.75","-93.1333333","576.0","2018-01-20","  69.0","21"
"76843099999","TUXTLA GUTIERREZ CHIS., MX","16.75","-93.1333333","576.0","2018-01-21","  71.4","21"
"76843099999","TUXTLA GUTIERREZ CHIS., MX","16.75","-93.1333333","576.0","2018-01-22","  75.3","21"
"76843099999","TUXTLA GUTIERREZ CHIS., MX","16.75","-93.1333333","576.0","2018-01-23","  79.2","18"
"76843099999","TUXTLA GUTIERREZ CHIS., MX","16.75","-93.1333333","576.0","2018-01-24","  74.1","20"
"76843099999","TUXTLA GUTIERREZ CHIS., MX","16.75","-93.1333333","576.0","2018-01-25","  71.5","19"
"76843099999","TUXTLA GUTIERREZ CHIS., MX","16.75","-93.1333333","576.0","2018-01-26","  71.2","19"
"76843099999","TUXTLA GUTIERREZ CHIS., MX","16.75","-93.1333333","576.0","2018-01-27","  72.9","21"
"76843099999","TUXTLA GUTIERREZ CHIS., MX","16.75","-93.1333333","576.0","2018-01-28","  75.1","21"
"76843099999","TUXTLA GUTIERREZ CHIS., MX","16.75","-93.1333333","576.0","2018-01-29","  72.5","20"
"76843099999","TUXTLA GUTIERREZ CHIS., MX","16.75","-93.1333333","576.0","2018-01-30","  66.6","18"
"76843099999","TUXTLA GUTIERREZ CHIS., MX","16.75","-93.1333333","576.0","2018-01-31","  67.2","20"
"76843099999","TUXTLA GUTIERREZ CHIS., MX","16.75","-93.1333333","576.0","2018-02-01","  70.3","21"
"76843099999","TUXTLA GUTIERREZ CHIS., MX","16.75","-93.1333333","576.0","2018-02-02","  72.7","20"
"76843099999","TUXTLA GUTIERREZ CHIS., MX","16.75","-93.1333333","576.0","2018-02-03","  76.4","19"
"76843099999","TUXTLA GUTIERREZ CHIS., MX","16.75","-93.1333333","576.0","2018-02-04","  76.7","20"
"76843099999","TUXTLA GUTIERREZ CHIS., MX","16.75","-93.1333333","576.0","2018-02-05","  76.0","21"
"76843099999","TUXTLA GUTIERREZ CHIS., MX","16.75","-93.1333333","576.0","2018-02-06","  76.8","21"
"76843099999","TUXTLA GUTIERREZ CHIS., MX","16.75","-93.1333333","576.0","2018-02-07","  77.8","21"
"76843099999","TUXTLA GUTIERREZ CHIS., MX","16.75","-93.1333333","576.0","2018-02-08","  77.6","20"
"76843099999","TUXTLA GUTIERREZ CHIS., MX","16.75","-93.1333333","576.0","2018-02-09","  76.6","21"
"76843099999","TUXTLA GUTIERREZ CHIS., MX","16.75","-93.1333333","576.0","2018-02-10","  76.0","20"
"76843099999","TUXTLA GUTIERREZ CHIS., MX","16.75","-93.1333333","576.0","2018-02-11","  80.6","19"
"76843099999","TUXTLA GUTIERREZ CHIS., MX","16.75","-93.1333333","576.0","2018-02-12","  80.5","20"
"76843099999","TUXTLA GUTIERREZ CHIS., MX","16.75","-93.1333333","576.0","2018-02-13","  78.2","21"
"76843099999","TUXTLA GUTIERREZ CHIS., MX","16.75","-93.1333333","576.0","2018-02-14","  79.2","20"
"76843099999","TUXTLA GUTIERREZ CHIS., MX","16.75","-93.1333333","576.0","2018-02-15","  77.5","20"
"76843099999","TUXTLA GUTIERREZ CHIS., MX","16.75","-93.1333333","576.0","2018-02-16","  76.6","21"
"76843099999","TUXTLA GUTIERREZ CHIS., MX","16.75","-93.1333333","576.0","2018-02-17","  76.9","21"
"76843099999","TUXTLA GUTIERREZ CHIS., MX","16.75","-93.1333333","576.0","2018-02-18","  77.6","21"
"76843099999","TUXTLA GUTIERREZ CHIS., MX","16.75","-93.1333333","576.0","2018-02-19","  78.4","21"
"76843099999","TUXTLA GUTIERREZ CHIS., MX","16.75","-93.1333333","576.0","2018-02-20","  80.1","21"
"76843099999","TUXTLA GUTIERREZ CHIS., MX","16.75","-93.1333333","576.0","2018-02-21","  79.6","21"
"76843099999","TUXTLA GUTIERREZ CHIS., MX","16.75","-93.1333333","576.0","2018-02-22","  80.7","20"
"76843099999","TUXTLA GUTIERREZ CHIS., MX","16.75","-93.1333333","576.0","2018-02-23","  78.1","20"
"76843099999","TUXTLA GUTIERREZ CHIS., MX","16.75","-93.1333333","576.0","2018-02-24","  80.4","20"
"76843099999","TUXTLA GUTIERREZ CHIS., MX","16.75","-93.1333333","576.0","2018-02-25","  81.6","19"
"76843099999","TUXTLA GUTIERREZ CHIS., MX","16.75","-93.1333333","576.0","2018-02-26","  81.9","20"
"76843099999","TUXTLA GUTIERREZ CHIS., MX","16.75","-93.1333333","576.0","2018-02-27","  81.3","21"
"76843099999","TUXTLA GUTIERREZ CHIS., MX","16.75","-93.1333333","576.0","2018-02-28","  79.5","21"
"76843099999","TUXTLA GUTIERREZ CHIS., MX","16.75","-93.1333333","576.0","2018-03-01","  80.8","21"
"76843099999","TUXTLA GUTIERREZ CHIS., MX","16.75","-93.1333333","576.0","2018-03-02","  82.5","19"
"76843099999","TUXTLA GUTIERREZ CHIS., MX","16.75","-93.1333333","576.0","2018-03-03","  78.5","21"
"76843099999","TUXTLA GUTIERREZ CHIS., MX","16.75","-93.1333333","576.0","2018-03-04","  79.3","19"
"76843099999","TUXTLA GUTIERREZ CHIS., MX","16.75","-93.1333333","576.0","2018-03-05","  80.3","21"
"76843099999","TUXTLA GUTIERREZ CHIS., MX","16.75","-93.1333333","576.0","2018-03-06","  81.4","21"
"76843099999","TUXTLA GUTIERREZ CHIS., MX","16.75","-93.1333333","576.0","2018-03-07","  80.8","20"
"76843099999","TUXTLA GUTIERREZ CHIS., MX","16.75","-93.1333333","576.0","2018-03-08","  78.1","21"
"76843099999","TUXTLA GUTIERREZ CHIS., MX","16.75","-93.1333333","576.0","2018-03-09","  78.9","21"
"76843099999","TUXTLA GUTIERREZ CHIS., MX","16.75","-93.1333333","576.0","2018-03-10","  81.5","21"
"76843099999","TUXTLA GUTIERREZ CHIS., MX","16.75","-93.1333333","576.0","2018-03-11","  84.0","21"
"76843099999","TUXTLA GUTIERREZ CHIS., MX","16.75","-93.1333333","576.0","2018-03-12","  83.5","20"
"76843099999","TUXTLA GUTIERREZ CHIS., MX","16.75","-93.1333333","576.0","2018-03-13","  79.8","20"
"76843099999","TUXTLA GUTIERREZ CHIS., MX","16.75","-93.1333333","576.0","2018-03-14","  77.9","21"
"76843099999","TUXTLA GUTIERREZ CHIS., MX","16.75","-93.1333333","576.0","2018-03-15","  78.2","20"
"76843099999","TUXTLA GUTIERREZ CHIS., MX","16.75","-93.1333333","576.0","2018-03-16","  82.0","21"
"76843099999","TUXTLA GUTIERREZ CHIS., MX","16.75","-93.1333333","576.0","2018-03-17","  82.8","21"
"76843099999","TUXTLA GUTIERREZ CHIS., MX","16.75","-93.1333333","576.0","2018-03-18","  86.1","20"
"76843099999","TUXTLA GUTIERREZ CHIS., MX","16.75","-93.1333333","576.0","2018-03-19","  83.0","21"
"76843099999","TUXTLA GUTIERREZ CHIS., MX","16.75","-93.1333333","576.0","2018-03-20","  83.1","20"
"76843099999","TUXTLA GUTIERREZ CHIS., MX","16.75","-93.1333333","576.0","2018-03-21","  82.6","21"
"76843099999","TUXTLA GUTIERREZ CHIS., MX","16.75","-93.1333333","576.0","2018-03-22","  82.2","21"
"76843099999","TUXTLA GUTIERREZ CHIS., MX","16.75","-93.1333333","576.0","2018-03-23","  81.8","21"
"76843099999","TUXTLA GUTIERREZ CHIS., MX","16.75","-93.1333333","576.0","2018-03-24","  80.9","20"
"76843099999","TUXTLA GUTIERREZ CHIS., MX","16.75","-93.1333333","576.0","2018-03-25","  82.9","21"
"76843099999","TUXTLA GUTIERREZ CHIS., MX","16.75","-93.1333333","576.0","2018-03-26","  84.9","20"
"76843099999","TUXTLA GUTIERREZ CHIS., MX","16.75","-93.1333333","576.0","2018-03-27","  85.2","20"
"76843099999","TUXTLA GUTIERREZ CHIS., MX","16.75","-93.1333333","576.0","2018-03-28","  86.1","21"
"76843099999","TUXTLA GUTIERREZ CHIS., MX","16.75","-93.1333333","576.0","2018-03-29","  85.1","21"
"76843099999","TUXTLA GUTIERREZ CHIS., MX","16.75","-93.1333333","576.0","2018-03-30","  83.2","21"
"76843099999","TUXTLA GUTIERREZ CHIS., MX","16.75","-93.1333333","576.0","2018-03-31","  78.0","20"
"76843099999","TUXTLA GUTIERREZ CHIS., MX","16.75","-93.1333333","576.0","2018-04-01","  79.5","21"
"76843099999","TUXTLA GUTIERREZ CHIS., MX","16.75","-93.1333333","576.0","2018-04-02","  82.7","21"
"76843099999","TUXTLA GUTIERREZ CHIS., MX","16.75","-93.1333333","576.0","2018-04-03","  83.8","22"
"76843099999","TUXTLA GUTIERREZ CHIS., MX","16.75","-93.1333333","576.0","2018-04-04","  82.5","22"
"76843099999","TUXTLA GUTIERREZ CHIS., MX","16.75","-93.1333333","576.0","2018-04-05","  83.1","20"
"76843099999","TUXTLA GUTIERREZ CHIS., MX","16.75","-93.1333333","576.0","2018-04-06","  82.5","22"
"76843099999","TUXTLA GUTIERREZ CHIS., MX","16.75","-93.1333333","576.0","2018-04-07","  81.8","20"
"76843099999","TUXTLA GUTIERREZ CHIS., MX","16.75","-93.1333333","576.0","2018-04-08","  82.6","21"
"76843099999","TUXTLA GUTIERREZ CHIS., MX","16.75","-93.1333333","576.0","2018-04-09","  82.4","20"
"76843099999","TUXTLA GUTIERREZ CHIS., MX","16.75","-93.1333333","576.0","2018-04-10","  84.4","20"
"76843099999","TUXTLA GUTIERREZ CHIS., MX","16.75","-93.1333333","576.0","2018-04-11","  79.8","13"
"76843099999","TUXTLA GUTIERREZ CHIS., MX","16.75","-93.1333333","576.0","2018-04-12","  80.8","21"
"76843099999","TUXTLA GUTIERREZ CHIS., MX","16.75","-93.1333333","576.0","2018-04-13","  81.9","22"
"76843099999","TUXTLA GUTIERREZ CHIS., MX","16.75","-93.1333333","576.0","2018-04-14","  82.8","22"
"76843099999","TUXTLA GUTIERREZ CHIS., MX","16.75","-93.1333333","576.0","2018-04-15","  78.0","18"
"76843099999","TUXTLA GUTIERREZ CHIS., MX","16.75","-93.1333333","576.0","2018-04-16","  73.7","22"
"76843099999","TUXTLA GUTIERREZ CHIS., MX","16.75","-93.1333333","576.0","2018-04-17","  75.2","22"
"76843099999","TUXTLA GUTIERREZ CHIS., MX","16.75","-93.1333333","576.0","2018-04-18","  80.1","21"
"76843099999","TUXTLA GUTIERREZ CHIS., MX","16.75","-93.1333333","576.0","2018-04-19","  83.0","22"
"76843099999","TUXTLA GUTIERREZ CHIS., MX","16.75","-93.1333333","576.0","2018-04-20","  81.1","21"
"76843099999","TUXTLA GUTIERREZ CHIS., MX","16.75","-93.1333333","576.0","2018-04-21","  82.9","21"
"76843099999","TUXTLA GUTIERREZ CHIS., MX","16.75","-93.1333333","576.0","2018-04-22","  85.1","22"
"76843099999","TUXTLA GUTIERREZ CHIS., MX","16.75","-93.1333333","576.0","2018-04-23","  82.9","21"
"76843099999","TUXTLA GUTIERREZ CHIS., MX","16.75","-93.1333333","576.0","2018-04-24","  83.7","21"
"76843099999","TUXTLA GUTIERREZ CHIS., MX","16.75","-93.1333333","576.0","2018-04-25","  84.1","21"
"76843099999","TUXTLA GUTIERREZ CHIS., MX","16.75","-93.1333333","576.0","2018-04-26","  81.2","20"
"76843099999","TUXTLA GUTIERREZ CHIS., MX","16.75","-93.1333333","576.0","2018-04-27","  79.8","22"
"76843099999","TUXTLA GUTIERREZ CHIS., MX","16.75","-93.1333333","576.0","2018-04-28","  82.8","22"
"76843099999","TUXTLA GUTIERREZ CHIS., MX","16.75","-93.1333333","576.0","2018-04-29","  82.1","21"
"76843099999","TUXTLA GUTIERREZ CHIS., MX","16.75","-93.1333333","576.0","2018-04-30","  83.1","22"
"76843099999","TUXTLA GUTIERREZ CHIS., MX","16.75","-93.1333333","576.0","2018-05-01","  85.9","21"
"76843099999","TUXTLA GUTIERREZ CHIS., MX","16.75","-93.1333333","576.0","2018-05-02","  84.6","21"
"76843099999","TUXTLA GUTIERREZ CHIS., MX","16.75","-93.1333333","576.0","2018-05-03","  84.2","22"
"76843099999","TUXTLA GUTIERREZ CHIS., MX","16.75","-93.1333333","576.0","2018-05-04","  85.2","22"
"76843099999","TUXTLA GUTIERREZ CHIS., MX","16.75","-93.1333333","576.0","2018-05-05","  84.7","22"
"76843099999","TUXTLA GUTIERREZ CHIS., MX","16.75","-93.1333333","576.0","2018-05-06","  77.4","21"
"76843099999","TUXTLA GUTIERREZ CHIS., MX","16.75","-93.1333333","576.0","2018-05-07","  79.3","22"
"76843099999","TUXTLA GUTIERREZ CHIS., MX","16.75","-93.1333333","576.0","2018-05-08","  79.5","22"
"76843099999","TUXTLA GUTIERREZ CHIS., MX","16.75","-93.1333333","576.0","2018-05-09","  78.5","22"
"76843099999","TUXTLA GUTIERREZ CHIS., MX","16.75","-93.1333333","576.0","2018-05-10","  81.1","22"
"76843099999","TUXTLA GUTIERREZ CHIS., MX","16.75","-93.1333333","576.0","2018-05-11","  78.9","21"
"76843099999","TUXTLA GUTIERREZ CHIS., MX","16.75","-93.1333333","576.0","2018-05-12","  81.8","21"
"76843099999","TUXTLA GUTIERREZ CHIS., MX","16.75","-93.1333333","576.0","2018-05-13","  83.5","22"
"76843099999","TUXTLA GUTIERREZ CHIS., MX","16.75","-93.1333333","576.0","2018-05-14","  83.9","21"
"76843099999","TUXTLA GUTIERREZ CHIS., MX","16.75","-93.1333333","576.0","2018-05-15","  84.7","20"
"76843099999","TUXTLA GUTIERREZ CHIS., MX","16.75","-93.1333333","576.0","2018-05-16","  84.5","21"
"76843099999","TUXTLA GUTIERREZ CHIS., MX","16.75","-93.1333333","576.0","2018-05-17","  83.6","21"
"76843099999","TUXTLA GUTIERREZ CHIS., MX","16.75","-93.1333333","576.0","2018-05-18","  82.4","22"
"76843099999","TUXTLA GUTIERREZ CHIS., MX","16.75","-93.1333333","576.0","2018-05-19","  85.7","20"
"76843099999","TUXTLA GUTIERREZ CHIS., MX","16.75","-93.1333333","576.0","2018-05-20","  82.6","22"
"76843099999","TUXTLA GUTIERREZ CHIS., MX","16.75","-93.1333333","576.0","2018-05-21","  83.1","22"
"76843099999","TUXTLA GUTIERREZ CHIS., MX","16.75","-93.1333333","576.0","2018-05-22","  82.4","22"
"76843099999","TUXTLA GUTIERREZ CHIS., MX","16.75","-93.1333333","576.0","2018-05-23","  84.2","22"
"76843099999","TUXTLA GUTIERREZ CHIS., MX","16.75","-93.1333333","576.0","2018-05-24","  82.9","22"
"76843099999","TUXTLA GUTIERREZ CHIS., MX","16.75","-93.1333333","576.0","2018-05-25","  84.1","21"
"76843099999","TUXTLA GUTIERREZ CHIS., MX","16.75","-93.1333333","576.0","2018-05-26","  83.8","21"
"76843099999","TUXTLA GUTIERREZ CHIS., MX","16.75","-93.1333333","576.0","2018-05-27","  84.8","21"
"76843099999","TUXTLA GUTIERREZ CHIS., MX","16.75","-93.1333333","576.0","2018-05-28","  83.7","18"
"76843099999","TUXTLA GUTIERREZ CHIS., MX","16.75","-93.1333333","576.0","2018-05-29","  86.0","20"
"76843099999","TUXTLA GUTIERREZ CHIS., MX","16.75","-93.1333333","576.0","2018-05-30","  87.3","21"
"76843099999","TUXTLA GUTIERREZ CHIS., MX","16.75","-93.1333333","576.0","2018-05-31","  83.7","21"
"76843099999","TUXTLA GUTIERREZ CHIS., MX","16.75","-93.1333333","576.0","2018-06-01","  79.5","21"
"76843099999","TUXTLA GUTIERREZ CHIS., MX","16.75","-93.1333333","576.0","2018-06-02","  79.0","20"
"76843099999","TUXTLA GUTIERREZ CHIS., MX","16.75","-93.1333333","576.0","2018-06-03","  78.3","21"
"76843099999","TUXTLA GUTIERREZ CHIS., MX","16.75","-93.1333333","576.0","2018-06-04","  77.6","20"
"76843099999","TUXTLA GUTIERREZ CHIS., MX","16.75","-93.1333333","576.0","2018-06-05","  80.6","22"
"76843099999","TUXTLA GUTIERREZ CHIS., MX","16.75","-93.1333333","576.0","2018-06-06","  81.8","22"
"76843099999","TUXTLA GUTIERREZ CHIS., MX","16.75","-93.1333333","576.0","2018-06-07","  80.4","21"
"76843099999","TUXTLA GUTIERREZ CHIS., MX","16.75","-93.1333333","576.0","2018-06-08","  81.9","21"
"76843099999","TUXTLA GUTIERREZ CHIS., MX","16.75","-93.1333333","576.0","2018-06-09","  78.6","22"
"76843099999","TUXTLA GUTIERREZ CHIS., MX","16.75","-93.1333333","576.0","2018-06-10","  77.6","22"
"76843099999","TUXTLA GUTIERREZ CHIS., MX","16.75","-93.1333333","576.0","2018-06-11","  81.5","21"
"76843099999","TUXTLA GUTIERREZ CHIS., MX","16.75","-93.1333333","576.0","2018-06-12","  78.8","22"
"76843099999","TUXTLA GUTIERREZ CHIS., MX","16.75","-93.1333333","576.0","2018-06-13","  75.4","22"
"76843099999","TUXTLA GUTIERREZ CHIS., MX","16.75","-93.1333333","576.0","2018-06-14","  76.5","21"
"76843099999","TUXTLA GUTIERREZ CHIS., MX","16.75","-93.1333333","576.0","2018-06-15","  76.5","21"
"76843099999","TUXTLA GUTIERREZ CHIS., MX","16.75","-93.1333333","576.0","2018-06-16","  78.3","22"
"76843099999","TUXTLA GUTIERREZ CHIS., MX","16.75","-93.1333333","576.0","2018-06-17","  77.7","21"
"76843099999","TUXTLA GUTIERREZ CHIS., MX","16.75","-93.1333333","576.0","2018-06-18","  79.0","21"
"76843099999","TUXTLA GUTIERREZ CHIS., MX","16.75","-93.1333333","576.0","2018-06-19","  81.5","22"
"76843099999","TUXTLA GUTIERREZ CHIS., MX","16.75","-93.1333333","576.0","2018-06-20","  82.8","20"
"76843099999","TUXTLA GUTIERREZ CHIS., MX","16.75","-93.1333333","576.0","2018-06-21","  81.3","22"
"76843099999","TUXTLA GUTIERREZ CHIS., MX","16.75","-93.1333333","576.0","2018-06-22","  78.9","21"
"76843099999","TUXTLA GUTIERREZ CHIS., MX","16.75","-93.1333333","576.0","2018-06-23","  77.7","22"
"76843099999","TUXTLA GUTIERREZ CHIS., MX","16.75","-93.1333333","576.0","2018-06-24","  80.9","21"
"76843099999","TUXTLA GUTIERREZ CHIS., MX","16.75","-93.1333333","576.0","2018-06-25","  78.1","22"
"76843099999","TUXTLA GUTIERREZ CHIS., MX","16.75","-93.1333333","576.0","2018-06-26","  79.6","21"
"76843099999","TUXTLA GUTIERREZ CHIS., MX","16.75","-93.1333333","576.0","2018-06-27","  78.6","19"
"76843099999","TUXTLA GUTIERREZ CHIS., MX","16.75","-93.1333333","576.0","2018-06-28","  78.6","22"
"76843099999","TUXTLA GUTIERREZ CHIS., MX","16.75","-93.1333333","576.0","2018-06-29","  75.6","22"
"76843099999","TUXTLA GUTIERREZ CHIS., MX","16.75","-93.1333333","576.0","2018-06-30","  80.4","21"
"76843099999","TUXTLA GUTIERREZ CHIS., MX","16.75","-93.1333333","576.0","2018-07-01","  81.7","19"
"76843099999","TUXTLA GUTIERREZ CHIS., MX","16.75","-93.1333333","576.0","2018-07-02","  80.7","16"
"76843099999","TUXTLA GUTIERREZ CHIS., MX","16.75","-93.1333333","576.0","2018-07-03","  79.8","17"
"76843099999","TUXTLA GUTIERREZ CHIS., MX","16.75","-93.1333333","576.0","2018-07-04","  80.2","21"
"76843099999","TUXTLA GUTIERREZ CHIS., MX","16.75","-93.1333333","576.0","2018-07-05","  81.7","22"
"76843099999","TUXTLA GUTIERREZ CHIS., MX","16.75","-93.1333333","576.0","2018-07-06","  80.3","21"
"76843099999","TUXTLA GUTIERREZ CHIS., MX","16.75","-93.1333333","576.0","2018-07-07","  78.3","22"
"76843099999","TUXTLA GUTIERREZ CHIS., MX","16.75","-93.1333333","576.0","2018-07-08","  78.0","17"
"76843099999","TUXTLA GUTIERREZ CHIS., MX","16.75","-93.1333333","576.0","2018-07-09","  81.0","22"
"76843099999","TUXTLA GUTIERREZ CHIS., MX","16.75","-93.1333333","576.0","2018-07-10","  77.4","22"
"76843099999","TUXTLA GUTIERREZ CHIS., MX","16.75","-93.1333333","576.0","2018-07-11","  79.1","21"
"76843099999","TUXTLA GUTIERREZ CHIS., MX","16.75","-93.1333333","576.0","2018-07-12","  80.0","22"
"76843099999","TUXTLA GUTIERREZ CHIS., MX","16.75","-93.1333333","576.0","2018-07-13","  79.5","22"
"76843099999","TUXTLA GUTIERREZ CHIS., MX","16.75","-93.1333333","576.0","2018-07-14","  79.9","22"
"76843099999","TUXTLA GUTIERREZ CHIS., MX","16.75","-93.1333333","576.0","2018-07-15","  79.8","22"
"76843099999","TUXTLA GUTIERREZ CHIS., MX","16.75","-93.1333333","576.0","2018-07-16","  80.6","22"
"76843099999","TUXTLA GUTIERREZ CHIS., MX","16.75","-93.1333333","576.0","2018-07-17","  81.2","21"
"76843099999","TUXTLA GUTIERREZ CHIS., MX","16.75","-93.1333333","576.0","2018-07-18","  81.7","22"
"76843099999","TUXTLA GUTIERREZ CHIS., MX","16.75","-93.1333333","576.0","2018-07-19","  81.2","22"
"76843099999","TUXTLA GUTIERREZ CHIS., MX","16.75","-93.1333333","576.0","2018-07-20","  81.8","22"
"76843099999","TUXTLA GUTIERREZ CHIS., MX","16.75","-93.1333333","576.0","2018-07-21","  82.3","22"
"76843099999","TUXTLA GUTIERREZ CHIS., MX","16.75","-93.1333333","576.0","2018-07-22","  83.4","21"
"76843099999","TUXTLA GUTIERREZ CHIS., MX","16.75","-93.1333333","576.0","2018-07-23","  83.3","20"
"76843099999","TUXTLA GUTIERREZ CHIS., MX","16.75","-93.1333333","576.0","2018-07-24","  84.3","21"
"76843099999","TUXTLA GUTIERREZ CHIS., MX","16.75","-93.1333333","576.0","2018-07-25","  85.4","21"
"76843099999","TUXTLA GUTIERREZ CHIS., MX","16.75","-93.1333333","576.0","2018-07-26","  85.4","21"
"76843099999","TUXTLA GUTIERREZ CHIS., MX","16.75","-93.1333333","576.0","2018-07-27","  85.5","20"
"76843099999","TUXTLA GUTIERREZ CHIS., MX","16.75","-93.1333333","576.0","2018-07-28","  84.3","22"
"76843099999","TUXTLA GUTIERREZ CHIS., MX","16.75","-93.1333333","576.0","2018-07-29","  82.4","22"
"76843099999","TUXTLA GUTIERREZ CHIS., MX","16.75","-93.1333333","576.0","2018-07-30","  79.5","15"
"76843099999","TUXTLA GUTIERREZ CHIS., MX","16.75","-93.1333333","576.0","2018-07-31","  81.2","15"
"76843099999","TUXTLA GUTIERREZ CHIS., MX","16.75","-93.1333333","576.0","2018-08-01","  78.1","21"
"76843099999","TUXTLA GUTIERREZ CHIS., MX","16.75","-93.1333333","576.0","2018-08-02","  80.7","22"
"76843099999","TUXTLA GUTIERREZ CHIS., MX","16.75","-93.1333333","576.0","2018-08-03","  79.2","22"
"76843099999","TUXTLA GUTIERREZ CHIS., MX","16.75","-93.1333333","576.0","2018-08-04","  79.3","21"
"76843099999","TUXTLA GUTIERREZ CHIS., MX","16.75","-93.1333333","576.0","2018-08-05","  81.0","21"
"76843099999","TUXTLA GUTIERREZ CHIS., MX","16.75","-93.1333333","576.0","2018-08-06","  78.8","20"
"76843099999","TUXTLA GUTIERREZ CHIS., MX","16.75","-93.1333333","576.0","2018-08-07","  79.1","22"
"76843099999","TUXTLA GUTIERREZ CHIS., MX","16.75","-93.1333333","576.0","2018-08-08","  77.7","19"
"76843099999","TUXTLA GUTIERREZ CHIS., MX","16.75","-93.1333333","576.0","2018-08-09","  79.5","21"
"76843099999","TUXTLA GUTIERREZ CHIS., MX","16.75","-93.1333333","576.0","2018-08-10","  80.9","21"
"76843099999","TUXTLA GUTIERREZ CHIS., MX","16.75","-93.1333333","576.0","2018-08-11","  81.8","22"
"76843099999","TUXTLA GUTIERREZ CHIS., MX","16.75","-93.1333333","576.0","2018-08-12","  81.1","20"
"76843099999","TUXTLA GUTIERREZ CHIS., MX","16.75","-93.1333333","576.0","2018-08-13","  79.7","19"
"76843099999","TUXTLA GUTIERREZ CHIS., MX","16.75","-93.1333333","576.0","2018-08-14","  77.1","21"
"76843099999","TUXTLA GUTIERREZ CHIS., MX","16.75","-93.1333333","576.0","2018-08-15","  80.2","21"
"76843099999","TUXTLA GUTIERREZ CHIS., MX","16.75","-93.1333333","576.0","2018-08-16","  81.4","22"
"76843099999","TUXTLA GUTIERREZ CHIS., MX","16.75","-93.1333333","576.0","2018-08-17","  77.2","22"
"76843099999","TUXTLA GUTIERREZ CHIS., MX","16.75","-93.1333333","576.0","2018-08-18","  76.1","22"
"76843099999","TUXTLA GUTIERREZ CHIS., MX","16.75","-93.1333333","576.0","2018-08-19","  77.3","21"
"76843099999","TUXTLA GUTIERREZ CHIS., MX","16.75","-93.1333333","576.0","2018-08-20","  76.6","21"
"76843099999","TUXTLA GUTIERREZ CHIS., MX","16.75","-93.1333333","576.0","2018-08-21","  79.0","22"
"76843099999","TUXTLA GUTIERREZ CHIS., MX","16.75","-93.1333333","576.0","2018-08-22","  77.9","22"
"76843099999","TUXTLA GUTIERREZ CHIS., MX","16.75","-93.1333333","576.0","2018-08-23","  79.4","21"
"76843099999","TUXTLA GUTIERREZ CHIS., MX","16.75","-93.1333333","576.0","2018-08-24","  79.5","22"
"76843099999","TUXTLA GUTIERREZ CHIS., MX","16.75","-93.1333333","576.0","2018-08-25","  79.1","22"
"76843099999","TUXTLA GUTIERREZ CHIS., MX","16.75","-93.1333333","576.0","2018-08-26","  78.2","22"
"76843099999","TUXTLA GUTIERREZ CHIS., MX","16.75","-93.1333333","576.0","2018-08-27","  76.7","21"
"76843099999","TUXTLA GUTIERREZ CHIS., MX","16.75","-93.1333333","576.0","2018-08-28","  74.1","21"
"76843099999","TUXTLA GUTIERREZ CHIS., MX","16.75","-93.1333333","576.0","2018-08-29","  80.3","21"
"76843099999","TUXTLA GUTIERREZ CHIS., MX","16.75","-93.1333333","576.0","2018-08-30","  78.6","22"
"76843099999","TUXTLA GUTIERREZ CHIS., MX","16.75","-93.1333333","576.0","2018-08-31","  79.0","22"
"76843099999","TUXTLA GUTIERREZ CHIS., MX","16.75","-93.1333333","576.0","2018-09-01","  80.8","21"
"76843099999","TUXTLA GUTIERREZ CHIS., MX","16.75","-93.1333333","576.0","2018-09-02","  81.9","19"
"76843099999","TUXTLA GUTIERREZ CHIS., MX","16.75","-93.1333333","576.0","2018-09-03","  78.4","21"
"76843099999","TUXTLA GUTIERREZ CHIS., MX","16.75","-93.1333333","576.0","2018-09-04","  77.9","21"
"76843099999","TUXTLA GUTIERREZ CHIS., MX","16.75","-93.1333333","576.0","2018-09-05","  77.6","21"
"76843099999","TUXTLA GUTIERREZ CHIS., MX","16.75","-93.1333333","576.0","2018-09-06","  80.0","20"
"76843099999","TUXTLA GUTIERREZ CHIS., MX","16.75","-93.1333333","576.0","2018-09-07","  79.7","20"
"76843099999","TUXTLA GUTIERREZ CHIS., MX","16.75","-93.1333333","576.0","2018-09-08","  78.2","21"
"76843099999","TUXTLA GUTIERREZ CHIS., MX","16.75","-93.1333333","576.0","2018-09-09","  78.2","21"
"76843099999","TUXTLA GUTIERREZ CHIS., MX","16.75","-93.1333333","576.0","2018-09-10","  77.2","21"
"76843099999","TUXTLA GUTIERREZ CHIS., MX","16.75","-93.1333333","576.0","2018-09-11","  77.6","21"
"76843099999","TUXTLA GUTIERREZ CHIS., MX","16.75","-93.1333333","576.0","2018-09-12","  77.3","21"
"76843099999","TUXTLA GUTIERREZ CHIS., MX","16.75","-93.1333333","576.0","2018-09-13","  77.7","20"
"76843099999","TUXTLA GUTIERREZ CHIS., MX","16.75","-93.1333333","576.0","2018-09-14","  76.3","21"
"76843099999","TUXTLA GUTIERREZ CHIS., MX","16.75","-93.1333333","576.0","2018-09-15","  75.9","15"
"76843099999","TUXTLA GUTIERREZ CHIS., MX","16.75","-93.1333333","576.0","2018-09-16","  78.1","15"
"76843099999","TUXTLA GUTIERREZ CHIS., MX","16.75","-93.1333333","576.0","2018-09-18","  80.8","16"
"76843099999","TUXTLA GUTIERREZ CHIS., MX","16.75","-93.1333333","576.0","2018-09-19","  80.2","17"
"76843099999","TUXTLA GUTIERREZ CHIS., MX","16.75","-93.1333333","576.0","2018-09-20","  79.3","16"
"76843099999","TUXTLA GUTIERREZ CHIS., MX","16.75","-93.1333333","576.0","2018-09-21","  78.8","23"
"76843099999","TUXTLA GUTIERREZ CHIS., MX","16.75","-93.1333333","576.0","2018-09-22","  79.7","22"
"76843099999","TUXTLA GUTIERREZ CHIS., MX","16.75","-93.1333333","576.0","2018-09-23","  77.3","18"
"76843099999","TUXTLA GUTIERREZ CHIS., MX","16.75","-93.1333333","576.0","2018-09-24","  83.9"," 6"
"76843099999","TUXTLA GUTIERREZ CHIS., MX","16.75","-93.1333333","576.0","2018-09-25","  76.4","21"
"76843099999","TUXTLA GUTIERREZ CHIS., MX","16.75","-93.1333333","576.0","2018-09-26","  78.8","16"
"76843099999","TUXTLA GUTIERREZ CHIS., MX","16.75","-93.1333333","576.0","2018-09-27","  76.5","21"
"76843099999","TUXTLA GUTIERREZ CHIS., MX","16.75","-93.1333333","576.0","2018-09-28","  79.1","20"
"76843099999","TUXTLA GUTIERREZ CHIS., MX","16.75","-93.1333333","576.0","2018-09-29","  78.9","21"
"76843099999","TUXTLA GUTIERREZ CHIS., MX","16.75","-93.1333333","576.0","2018-09-30","  78.9","22"
"76843099999","TUXTLA GUTIERREZ CHIS., MX","16.75","-93.1333333","576.0","2018-10-01","  79.3","19"
"76843099999","TUXTLA GUTIERREZ CHIS., MX","16.75","-93.1333333","576.0","2018-10-02","  79.0","20"
"76843099999","TUXTLA GUTIERREZ CHIS., MX","16.75","-93.1333333","576.0","2018-10-03","  78.9","21"
"76843099999","TUXTLA GUTIERREZ CHIS., MX","16.75","-93.1333333","576.0","2018-10-04","  78.8","20"
"76843099999","TUXTLA GUTIERREZ CHIS., MX","16.75","-93.1333333","576.0","2018-10-05","  78.1","21"
"76843099999","TUXTLA GUTIERREZ CHIS., MX","16.75","-93.1333333","576.0","2018-10-06","  77.7","22"
"76843099999","TUXTLA GUTIERREZ CHIS., MX","16.75","-93.1333333","576.0","2018-10-07","  79.4","21"
"76843099999","TUXTLA GUTIERREZ CHIS., MX","16.75","-93.1333333","576.0","2018-10-08","  79.6","20"
"76843099999","TUXTLA GUTIERREZ CHIS., MX","16.75","-93.1333333","576.0","2018-10-09","  80.1","20"
"76843099999","TUXTLA GUTIERREZ CHIS., MX","16.75","-93.1333333","576.0","2018-10-10","  77.9","21"
"76843099999","TUXTLA GUTIERREZ CHIS., MX","16.75","-93.1333333","576.0","2018-10-11","  76.2","22"
"76843099999","TUXTLA GUTIERREZ CHIS., MX","16.75","-93.1333333","576.0","2018-10-12","  76.1","21"
"76843099999","TUXTLA GUTIERREZ CHIS., MX","16.75","-93.1333333","576.0","2018-10-13","  78.7","21"
"76843099999","TUXTLA GUTIERREZ CHIS., MX","16.75","-93.1333333","576.0","2018-10-14","  78.7","19"
"76843099999","TUXTLA GUTIERREZ CHIS., MX","16.75","-93.1333333","576.0","2018-10-15","  79.2","20"
"76843099999","TUXTLA GUTIERREZ CHIS., MX","16.75","-93.1333333","576.0","2018-10-16","  78.7","22"
"76843099999","TUXTLA GUTIERREZ CHIS., MX","16.75","-93.1333333","576.0","2018-10-17","  79.0","20"
"76843099999","TUXTLA GUTIERREZ CHIS., MX","16.75","-93.1333333","576.0","2018-10-18","  76.0","21"
"76843099999","TUXTLA GUTIERREZ CHIS., MX","16.75","-93.1333333","576.0","2018-10-19","  74.3","18"
"76843099999","TUXTLA GUTIERREZ CHIS., MX","16.75","-93.1333333","576.0","2018-10-20","  76.2","20"
"76843099999","TUXTLA GUTIERREZ CHIS., MX","16.75","-93.1333333","576.0","2018-10-21","  77.2","18"
"76843099999","TUXTLA GUTIERREZ CHIS., MX","16.75","-93.1333333","576.0","2018-10-22","  78.3","19"
"76843099999","TUXTLA GUTIERREZ CHIS., MX","16.75","-93.1333333","576.0","2018-10-23","  79.0","19"
"76843099999","TUXTLA GUTIERREZ CHIS., MX","16.75","-93.1333333","576.0","2018-10-24","  78.0","21"
"76843099999","TUXTLA GUTIERREZ CHIS., MX","16.75","-93.1333333","576.0","2018-10-25","  78.5","20"
"76843099999","TUXTLA GUTIERREZ CHIS., MX","16.75","-93.1333333","576.0","2018-10-26","  78.8","18"
"76843099999","TUXTLA GUTIERREZ CHIS., MX","16.75","-93.1333333","576.0","2018-10-27","  78.4","22"
"76843099999","TUXTLA GUTIERREZ CHIS., MX","16.75","-93.1333333","576.0","2018-10-28","  76.9","20"
"76843099999","TUXTLA GUTIERREZ CHIS., MX","16.75","-93.1333333","576.0","2018-10-29","  77.0","21"
"76843099999","TUXTLA GUTIERREZ CHIS., MX","16.75","-93.1333333","576.0","2018-10-30","  76.4","21"
"76843099999","TUXTLA GUTIERREZ CHIS., MX","16.75","-93.1333333","576.0","2018-10-31","  78.4","19"
"76843099999","TUXTLA GUTIERREZ CHIS., MX","16.75","-93.1333333","576.0","2018-11-01","  80.8","19"
"76843099999","TUXTLA GUTIERREZ CHIS., MX","16.75","-93.1333333","576.0","2018-11-02","  78.5","19"
"76843099999","TUXTLA GUTIERREZ CHIS., MX","16.75","-93.1333333","576.0","2018-11-03","  77.3","21"
"76843099999","TUXTLA GUTIERREZ CHIS., MX","16.75","-93.1333333","576.0","2018-11-04","  76.4","21"
"76843099999","TUXTLA GUTIERREZ CHIS., MX","16.75","-93.1333333","576.0","2018-11-05","  78.6","21"
"76843099999","TUXTLA GUTIERREZ CHIS., MX","16.75","-93.1333333","576.0","2018-11-06","  79.5","21"
"76843099999","TUXTLA GUTIERREZ CHIS., MX","16.75","-93.1333333","576.0","2018-11-07","  80.5","20"
"76843099999","TUXTLA GUTIERREZ CHIS., MX","16.75","-93.1333333","576.0","2018-11-08","  79.5","20"
"76843099999","TUXTLA GUTIERREZ CHIS., MX","16.75","-93.1333333","576.0","2018-11-09","  80.1","20"
"76843099999","TUXTLA GUTIERREZ CHIS., MX","16.75","-93.1333333","576.0","2018-11-10","  79.2","20"
"76843099999","TUXTLA GUTIERREZ CHIS., MX","16.75","-93.1333333","576.0","2018-11-11","  77.0","20"
"76843099999","TUXTLA GUTIERREZ CHIS., MX","16.75","-93.1333333","576.0","2018-11-12","  76.7","20"
"76843099999","TUXTLA GUTIERREZ CHIS., MX","16.75","-93.1333333","576.0","2018-11-13","  75.7","19"
"76843099999","TUXTLA GUTIERREZ CHIS., MX","16.75","-93.1333333","576.0","2018-11-14","  67.3","19"
"76843099999","TUXTLA GUTIERREZ CHIS., MX","16.75","-93.1333333","576.0","2018-11-15","  65.9","19"
"76843099999","TUXTLA GUTIERREZ CHIS., MX","16.75","-93.1333333","576.0","2018-11-16","  61.6","12"
"76843099999","TUXTLA GUTIERREZ CHIS., MX","16.75","-93.1333333","576.0","2018-11-23","  77.5","21"
"76843099999","TUXTLA GUTIERREZ CHIS., MX","16.75","-93.1333333","576.0","2018-11-24","  78.0","21"
"76843099999","TUXTLA GUTIERREZ CHIS., MX","16.75","-93.1333333","576.0","2018-11-25","  80.2","20"
"76843099999","TUXTLA GUTIERREZ CHIS., MX","16.75","-93.1333333","576.0","2018-11-26","  77.9","21"
"76843099999","TUXTLA GUTIERREZ CHIS., MX","16.75","-93.1333333","576.0","2018-11-27","  72.2","20"
"76843099999","TUXTLA GUTIERREZ CHIS., MX","16.75","-93.1333333","576.0","2018-11-28","  71.6","20"
"76843099999","TUXTLA GUTIERREZ CHIS., MX","16.75","-93.1333333","576.0","2018-11-29","  73.8","21"
"76843099999","TUXTLA GUTIERREZ CHIS., MX","16.75","-93.1333333","576.0","2018-11-30","  79.3","20"
"76843099999","TUXTLA GUTIERREZ CHIS., MX","16.75","-93.1333333","576.0","2018-12-01","  77.4","21"
"76843099999","TUXTLA GUTIERREZ CHIS., MX","16.75","-93.1333333","576.0","2018-12-02","  79.0","19"
"76843099999","TUXTLA GUTIERREZ CHIS., MX","16.75","-93.1333333","576.0","2018-12-03","  80.4","20"
"76843099999","TUXTLA GUTIERREZ CHIS., MX","16.75","-93.1333333","576.0","2018-12-04","  79.8","21"
"76843099999","TUXTLA GUTIERREZ CHIS., MX","16.75","-93.1333333","576.0","2018-12-05","  78.3","19"
"76843099999","TUXTLA GUTIERREZ CHIS., MX","16.75","-93.1333333","576.0","2018-12-06","  76.4","20"
"76843099999","TUXTLA GUTIERREZ CHIS., MX","16.75","-93.1333333","576.0","2018-12-07","  75.5","21"
"76843099999","TUXTLA GUTIERREZ CHIS., MX","16.75","-93.1333333","576.0","2018-12-08","  75.6","19"
"76843099999","TUXTLA GUTIERREZ CHIS., MX","16.75","-93.1333333","576.0","2018-12-09","  77.3","21"
"76843099999","TUXTLA GUTIERREZ CHIS., MX","16.75","-93.1333333","576.0","2018-12-10","  72.6","21"
"76843099999","TUXTLA GUTIERREZ CHIS., MX","16.75","-93.1333333","576.0","2018-12-11","  70.1","21"
"76843099999","TUXTLA GUTIERREZ CHIS., MX","16.75","-93.1333333","576.0","2018-12-12","  70.0","21"
"76843099999","TUXTLA GUTIERREZ CHIS., MX","16.75","-93.1333333","576.0","2018-12-13","  74.6","21"
"76843099999","TUXTLA GUTIERREZ CHIS., MX","16.75","-93.1333333","576.0","2018-12-14","  75.2","19"
"76843099999","TUXTLA GUTIERREZ CHIS., MX","16.75","-93.1333333","576.0","2018-12-15","  68.6","21"
"76843099999","TUXTLA GUTIERREZ CHIS., MX","16.75","-93.1333333","576.0","2018-12-16","  68.4","20"
"76843099999","TUXTLA GUTIERREZ CHIS., MX","16.75","-93.1333333","576.0","2018-12-17","  67.7","20"
"76843099999","TUXTLA GUTIERREZ CHIS., MX","16.75","-93.1333333","576.0","2018-12-18","  69.1","21"
"76843099999","TUXTLA GUTIERREZ CHIS., MX","16.75","-93.1333333","576.0","2018-12-19","  72.7","21"
"76843099999","TUXTLA GUTIERREZ CHIS., MX","16.75","-93.1333333","576.0","2018-12-20","  76.0","19"
"76843099999","TUXTLA GUTIERREZ CHIS., MX","16.75","-93.1333333","576.0","2018-12-21","  71.7","21"
"76843099999","TUXTLA GUTIERREZ CHIS., MX","16.75","-93.1333333","576.0","2018-12-22","  66.8","21"
"76843099999","TUXTLA GUTIERREZ CHIS., MX","16.75","-93.1333333","576.0","2018-12-23","  67.9","21"
"76843099999","TUXTLA GUTIERREZ CHIS., MX","16.75","-93.1333333","576.0","2018-12-24","  69.9","21"
"76843099999","TUXTLA GUTIERREZ CHIS., MX","16.75","-93.1333333","576.0","2018-12-25","  73.3","19"
"76843099999","TUXTLA GUTIERREZ CHIS., MX","16.75","-93.1333333","576.0","2018-12-26","  73.4","19"
"76843099999","TUXTLA GUTIERREZ CHIS., MX","16.75","-93.1333333","576.0","2018-12-27","  75.6","19"
"76843099999","TUXTLA GUTIERREZ CHIS., MX","16.75","-93.1333333","576.0","2018-12-28","  75.8","20"
"76843099999","TUXTLA GUTIERREZ CHIS., MX","16.75","-93.1333333","576.0","2018-12-29","  76.4","19"
"76843099999","TUXTLA GUTIERREZ CHIS., MX","16.75","-93.1333333","576.0","2018-12-30","  76.3","21"
"76843099999","TUXTLA GUTIERREZ CHIS., MX","16.75","-93.1333333","576.0","2018-12-31","  76.7","20"
"76843099999","TUXTLA GUTIERREZ CHIS., MX","16.75","-93.1333333","576.0","2019-01-01","  76.1","19"
"76843099999","TUXTLA GUTIERREZ CHIS., MX","16.75","-93.1333333","576.0","2019-01-02","  75.7","21"
"76843099999","TUXTLA GUTIERREZ CHIS., MX","16.75","-93.1333333","576.0","2019-01-03","  77.0","20"
"76843099999","TUXTLA GUTIERREZ CHIS., MX","16.75","-93.1333333","576.0","2019-01-04","  76.5","21"
"76843099999","TUXTLA GUTIERREZ CHIS., MX","16.75","-93.1333333","576.0","2019-01-05","  75.6","21"
"76843099999","TUXTLA GUTIERREZ CHIS., MX","16.75","-93.1333333","576.0","2019-01-06","  74.6","20"
"76843099999","TUXTLA GUTIERREZ CHIS., MX","16.75","-93.1333333","576.0","2019-01-07","  75.0","21"
"76843099999","TUXTLA GUTIERREZ CHIS., MX","16.75","-93.1333333","576.0","2019-01-08","  74.0","20"
"76843099999","TUXTLA GUTIERREZ CHIS., MX","16.75","-93.1333333","576.0","2019-01-09","  73.3","19"
"76843099999","TUXTLA GUTIERREZ CHIS., MX","16.75","-93.1333333","576.0","2019-01-10","  71.3","21"
"76843099999","TUXTLA GUTIERREZ CHIS., MX","16.75","-93.1333333","576.0","2019-01-11","  68.1","15"
"76843099999","TUXTLA GUTIERREZ CHIS., MX","16.75","-93.1333333","576.0","2019-01-12","  73.6","19"
"76843099999","TUXTLA GUTIERREZ CHIS., MX","16.75","-93.1333333","576.0","2019-01-13","  75.5","19"
"76843099999","TUXTLA GUTIERREZ CHIS., MX","16.75","-93.1333333","576.0","2019-01-14","  73.6","20"
"76843099999","TUXTLA GUTIERREZ CHIS., MX","16.75","-93.1333333","576.0","2019-01-15","  73.9","20"
"76843099999","TUXTLA GUTIERREZ CHIS., MX","16.75","-93.1333333","576.0","2019-01-16","  73.8","21"
"76843099999","TUXTLA GUTIERREZ CHIS., MX","16.75","-93.1333333","576.0","2019-01-17","  73.6","21"
"76843099999","TUXTLA GUTIERREZ CHIS., MX","16.75","-93.1333333","576.0","2019-01-18","  73.2","21"
"76843099999","TUXTLA GUTIERREZ CHIS., MX","16.75","-93.1333333","576.0","2019-01-19","  75.1","21"
"76843099999","TUXTLA GUTIERREZ CHIS., MX","16.75","-93.1333333","576.0","2019-01-20","  73.6","19"
"76843099999","TUXTLA GUTIERREZ CHIS., MX","16.75","-93.1333333","576.0","2019-01-21","  67.9","20"
"76843099999","TUXTLA GUTIERREZ CHIS., MX","16.75","-93.1333333","576.0","2019-01-22","  69.1","20"
"76843099999","TUXTLA GUTIERREZ CHIS., MX","16.75","-93.1333333","576.0","2019-01-23","  75.2","21"
"76843099999","TUXTLA GUTIERREZ CHIS., MX","16.75","-93.1333333","576.0","2019-01-24","  73.6","21"
"76843099999","TUXTLA GUTIERREZ CHIS., MX","16.75","-93.1333333","576.0","2019-01-25","  69.4","20"
"76843099999","TUXTLA GUTIERREZ CHIS., MX","16.75","-93.1333333","576.0","2019-01-26","  72.8","19"
"76843099999","TUXTLA GUTIERREZ CHIS., MX","16.75","-93.1333333","576.0","2019-01-27","  72.0","21"
"76843099999","TUXTLA GUTIERREZ CHIS., MX","16.75","-93.1333333","576.0","2019-01-28","  70.5","21"
"76843099999","TUXTLA GUTIERREZ CHIS., MX","16.75","-93.1333333","576.0","2019-01-29","  73.5","21"
"76843099999","TUXTLA GUTIERREZ CHIS., MX","16.75","-93.1333333","576.0","2019-01-30","  73.7","21"
"76843099999","TUXTLA GUTIERREZ CHIS., MX","16.75","-93.1333333","576.0","2019-01-31","  73.7","21"
"76843099999","TUXTLA GUTIERREZ CHIS., MX","16.75","-93.1333333","576.0","2019-02-01","  77.0","19"
"76843099999","TUXTLA GUTIERREZ CHIS., MX","16.75","-93.1333333","576.0","2019-02-02","  76.8","21"
"76843099999","TUXTLA GUTIERREZ CHIS., MX","16.75","-93.1333333","576.0","2019-02-03","  77.7","21"
"76843099999","TUXTLA GUTIERREZ CHIS., MX","16.75","-93.1333333","576.0","2019-02-04","  80.3","20"
"76843099999","TUXTLA GUTIERREZ CHIS., MX","16.75","-93.1333333","576.0","2019-02-05","  80.9","21"
"76843099999","TUXTLA GUTIERREZ CHIS., MX","16.75","-93.1333333","576.0","2019-02-06","  79.9","21"
"76843099999","TUXTLA GUTIERREZ CHIS., MX","16.75","-93.1333333","576.0","2019-02-07","  81.1","19"
"76843099999","TUXTLA GUTIERREZ CHIS., MX","16.75","-93.1333333","576.0","2019-02-08","  79.2","21"
"76843099999","TUXTLA GUTIERREZ CHIS., MX","16.75","-93.1333333","576.0","2019-02-09","  77.1","19"
"76843099999","TUXTLA GUTIERREZ CHIS., MX","16.75","-93.1333333","576.0","2019-02-10","  73.6","21"
"76843099999","TUXTLA GUTIERREZ CHIS., MX","16.75","-93.1333333","576.0","2019-02-11","  74.7","20"
"76843099999","TUXTLA GUTIERREZ CHIS., MX","16.75","-93.1333333","576.0","2019-02-12","  78.0","20"
"76843099999","TUXTLA GUTIERREZ CHIS., MX","16.75","-93.1333333","576.0","2019-02-13","  73.2","20"
"76843099999","TUXTLA GUTIERREZ CHIS., MX","16.75","-93.1333333","576.0","2019-02-14","  73.4","19"
"76843099999","TUXTLA GUTIERREZ CHIS., MX","16.75","-93.1333333","576.0","2019-02-15","  78.9","21"
"76843099999","TUXTLA GUTIERREZ CHIS., MX","16.75","-93.1333333","576.0","2019-02-16","  82.5","20"
"76843099999","TUXTLA GUTIERREZ CHIS., MX","16.75","-93.1333333","576.0","2019-02-17","  81.1","21"
"76843099999","TUXTLA GUTIERREZ CHIS., MX","16.75","-93.1333333","576.0","2019-02-18","  80.4","20"
"76843099999","TUXTLA GUTIERREZ CHIS., MX","16.75","-93.1333333","576.0","2019-02-19","  82.3","19"
"76843099999","TUXTLA GUTIERREZ CHIS., MX","16.75","-93.1333333","576.0","2019-02-20","  81.1","21"
"76843099999","TUXTLA GUTIERREZ CHIS., MX","16.75","-93.1333333","576.0","2019-02-21","  81.1","21"
"76843099999","TUXTLA GUTIERREZ CHIS., MX","16.75","-93.1333333","576.0","2019-02-22","  82.6","20"
"76843099999","TUXTLA GUTIERREZ CHIS., MX","16.75","-93.1333333","576.0","2019-02-23","  84.3","20"
"76843099999","TUXTLA GUTIERREZ CHIS., MX","16.75","-93.1333333","576.0","2019-02-24","  83.4","21"
"76843099999","TUXTLA GUTIERREZ CHIS., MX","16.75","-93.1333333","576.0","2019-02-25","  78.4","20"
"76843099999","TUXTLA GUTIERREZ CHIS., MX","16.75","-93.1333333","576.0","2019-02-26","  77.7","19"
"76843099999","TUXTLA GUTIERREZ CHIS., MX","16.75","-93.1333333","576.0","2019-02-27","  77.9","21"
"76843099999","TUXTLA GUTIERREZ CHIS., MX","16.75","-93.1333333","576.0","2019-02-28","  79.9","20"
"76843099999","TUXTLA GUTIERREZ CHIS., MX","16.75","-93.1333333","576.0","2019-03-01","  81.8","21"
"76843099999","TUXTLA GUTIERREZ CHIS., MX","16.75","-93.1333333","576.0","2019-03-02","  81.8","21"
"76843099999","TUXTLA GUTIERREZ CHIS., MX","16.75","-93.1333333","576.0","2019-03-03","  82.8","21"
"76843099999","TUXTLA GUTIERREZ CHIS., MX","16.75","-93.1333333","576.0","2019-03-04","  83.1","20"
"76843099999","TUXTLA GUTIERREZ CHIS., MX","16.75","-93.1333333","576.0","2019-03-05","  78.1","21"
"76843099999","TUXTLA GUTIERREZ CHIS., MX","16.75","-93.1333333","576.0","2019-03-06","  72.4","21"
"76843099999","TUXTLA GUTIERREZ CHIS., MX","16.75","-93.1333333","576.0","2019-03-07","  74.2","21"
"76843099999","TUXTLA GUTIERREZ CHIS., MX","16.75","-93.1333333","576.0","2019-03-08","  77.3","21"
"76843099999","TUXTLA GUTIERREZ CHIS., MX","16.75","-93.1333333","576.0","2019-03-09","  81.2","21"
"76843099999","TUXTLA GUTIERREZ CHIS., MX","16.75","-93.1333333","576.0","2019-03-10","  84.8","17"
"76843099999","TUXTLA GUTIERREZ CHIS., MX","16.75","-93.1333333","576.0","2019-03-11","  83.7","21"
"76843099999","TUXTLA GUTIERREZ CHIS., MX","16.75","-93.1333333","576.0","2019-03-12","  81.9","20"
"76843099999","TUXTLA GUTIERREZ CHIS., MX","16.75","-93.1333333","576.0","2019-03-13","  85.9","15"
"76843099999","TUXTLA GUTIERREZ CHIS., MX","16.75","-93.1333333","576.0","2019-03-14","  84.4","21"
"76843099999","TUXTLA GUTIERREZ CHIS., MX","16.75","-93.1333333","576.0","2019-03-15","  82.8","21"
"76843099999","TUXTLA GUTIERREZ CHIS., MX","16.75","-93.1333333","576.0","2019-03-16","  74.6","15"
"76843099999","TUXTLA GUTIERREZ CHIS., MX","16.75","-93.1333333","576.0","2019-03-17","  72.3","20"
"76843099999","TUXTLA GUTIERREZ CHIS., MX","16.75","-93.1333333","576.0","2019-03-18","  73.4","21"
"76843099999","TUXTLA GUTIERREZ CHIS., MX","16.75","-93.1333333","576.0","2019-03-19","  73.8","21"
"76843099999","TUXTLA GUTIERREZ CHIS., MX","16.75","-93.1333333","576.0","2019-03-20","  74.9","21"
"76843099999","TUXTLA GUTIERREZ CHIS., MX","16.75","-93.1333333","576.0","2019-03-21","  76.8","21"
"76843099999","TUXTLA GUTIERREZ CHIS., MX","16.75","-93.1333333","576.0","2019-03-22","  77.5","20"
"76843099999","TUXTLA GUTIERREZ CHIS., MX","16.75","-93.1333333","576.0","2019-03-23","  79.2","19"
"76843099999","TUXTLA GUTIERREZ CHIS., MX","16.75","-93.1333333","576.0","2019-03-24","  81.2","20"
"76843099999","TUXTLA GUTIERREZ CHIS., MX","16.75","-93.1333333","576.0","2019-03-25","  80.6","20"
"76843099999","TUXTLA GUTIERREZ CHIS., MX","16.75","-93.1333333","576.0","2019-03-26","  81.2","21"
"76843099999","TUXTLA GUTIERREZ CHIS., MX","16.75","-93.1333333","576.0","2019-03-27","  81.0","19"
"76843099999","TUXTLA GUTIERREZ CHIS., MX","16.75","-93.1333333","576.0","2019-03-28","  78.0","19"
"76843099999","TUXTLA GUTIERREZ CHIS., MX","16.75","-93.1333333","576.0","2019-03-29","  78.3","21"
"76843099999","TUXTLA GUTIERREZ CHIS., MX","16.75","-93.1333333","576.0","2019-03-30","  82.8","20"
"76843099999","TUXTLA GUTIERREZ CHIS., MX","16.75","-93.1333333","576.0","2019-03-31","  82.0","21"
"76843099999","TUXTLA GUTIERREZ CHIS., MX","16.75","-93.1333333","576.0","2019-04-01","  79.1","20"
"76843099999","TUXTLA GUTIERREZ CHIS., MX","16.75","-93.1333333","576.0","2019-04-02","  75.6","20"
"76843099999","TUXTLA GUTIERREZ CHIS., MX","16.75","-93.1333333","576.0","2019-04-03","  77.7","20"
"76843099999","TUXTLA GUTIERREZ CHIS., MX","16.75","-93.1333333","576.0","2019-04-04","  84.1","19"
"76843099999","TUXTLA GUTIERREZ CHIS., MX","16.75","-93.1333333","576.0","2019-04-05","  86.2","21"
"76843099999","TUXTLA GUTIERREZ CHIS., MX","16.75","-93.1333333","576.0","2019-04-06","  84.9","20"
"76843099999","TUXTLA GUTIERREZ CHIS., MX","16.75","-93.1333333","576.0","2019-04-07","  84.0","23"
"76843099999","TUXTLA GUTIERREZ CHIS., MX","16.75","-93.1333333","576.0","2019-04-08","  83.1","22"
"76843099999","TUXTLA GUTIERREZ CHIS., MX","16.75","-93.1333333","576.0","2019-04-09","  83.1","20"
"76843099999","TUXTLA GUTIERREZ CHIS., MX","16.75","-93.1333333","576.0","2019-04-10","  80.0","22"
"76843099999","TUXTLA GUTIERREZ CHIS., MX","16.75","-93.1333333","576.0","2019-04-11","  83.3","22"
"76843099999","TUXTLA GUTIERREZ CHIS., MX","16.75","-93.1333333","576.0","2019-04-12","  83.9","21"
"76843099999","TUXTLA GUTIERREZ CHIS., MX","16.75","-93.1333333","576.0","2019-04-13","  84.0","21"
"76843099999","TUXTLA GUTIERREZ CHIS., MX","16.75","-93.1333333","576.0","2019-04-14","  81.6","22"
"76843099999","TUXTLA GUTIERREZ CHIS., MX","16.75","-93.1333333","576.0","2019-04-15","  78.2","20"
"76843099999","TUXTLA GUTIERREZ CHIS., MX","16.75","-93.1333333","576.0","2019-04-16","  80.6","20"
"76843099999","TUXTLA GUTIERREZ CHIS., MX","16.75","-93.1333333","576.0","2019-04-17","  84.4","22"
"76843099999","TUXTLA GUTIERREZ CHIS., MX","16.75","-93.1333333","576.0","2019-04-18","  85.0","22"
"76843099999","TUXTLA GUTIERREZ CHIS., MX","16.75","-93.1333333","576.0","2019-04-19","  81.7","22"
"76843099999","TUXTLA GUTIERREZ CHIS., MX","16.75","-93.1333333","576.0","2019-04-20","  77.3","21"
"76843099999","TUXTLA GUTIERREZ CHIS., MX","16.75","-93.1333333","576.0","2019-04-21","  80.2","20"
"76843099999","TUXTLA GUTIERREZ CHIS., MX","16.75","-93.1333333","576.0","2019-04-22","  82.3","22"
"76843099999","TUXTLA GUTIERREZ CHIS., MX","16.75","-93.1333333","576.0","2019-04-23","  85.1","20"
"76843099999","TUXTLA GUTIERREZ CHIS., MX","16.75","-93.1333333","576.0","2019-04-24","  86.6","21"
"76843099999","TUXTLA GUTIERREZ CHIS., MX","16.75","-93.1333333","576.0","2019-04-25","  84.9","22"
"76843099999","TUXTLA GUTIERREZ CHIS., MX","16.75","-93.1333333","576.0","2019-04-26","  83.6","22"
"76843099999","TUXTLA GUTIERREZ CHIS., MX","16.75","-93.1333333","576.0","2019-04-27","  80.6","22"
"76843099999","TUXTLA GUTIERREZ CHIS., MX","16.75","-93.1333333","576.0","2019-04-28","  84.1","20"
"76843099999","TUXTLA GUTIERREZ CHIS., MX","16.75","-93.1333333","576.0","2019-04-29","  86.8","22"
"76843099999","TUXTLA GUTIERREZ CHIS., MX","16.75","-93.1333333","576.0","2019-04-30","  86.0","21"
"76843099999","TUXTLA GUTIERREZ CHIS., MX","16.75","-93.1333333","576.0","2019-05-01","  87.6","22"
"76843099999","TUXTLA GUTIERREZ CHIS., MX","16.75","-93.1333333","576.0","2019-05-02","  87.8","21"
"76843099999","TUXTLA GUTIERREZ CHIS., MX","16.75","-93.1333333","576.0","2019-05-03","  86.1","21"
"76843099999","TUXTLA GUTIERREZ CHIS., MX","16.75","-93.1333333","576.0","2019-05-04","  86.8","19"
"76843099999","TUXTLA GUTIERREZ CHIS., MX","16.75","-93.1333333","576.0","2019-05-05","  85.1","20"
"76843099999","TUXTLA GUTIERREZ CHIS., MX","16.75","-93.1333333","576.0","2019-05-06","  81.8","22"
"76843099999","TUXTLA GUTIERREZ CHIS., MX","16.75","-93.1333333","576.0","2019-05-07","  88.9","21"
"76843099999","TUXTLA GUTIERREZ CHIS., MX","16.75","-93.1333333","576.0","2019-05-08","  86.3","21"
"76843099999","TUXTLA GUTIERREZ CHIS., MX","16.75","-93.1333333","576.0","2019-05-09","  88.5","22"
"76843099999","TUXTLA GUTIERREZ CHIS., MX","16.75","-93.1333333","576.0","2019-05-10","  88.0","21"
"76843099999","TUXTLA GUTIERREZ CHIS., MX","16.75","-93.1333333","576.0","2019-05-11","  87.4","20"
"76843099999","TUXTLA GUTIERREZ CHIS., MX","16.75","-93.1333333","576.0","2019-05-12","  85.6","19"
"76843099999","TUXTLA GUTIERREZ CHIS., MX","16.75","-93.1333333","576.0","2019-05-13","  83.9","21"
"76843099999","TUXTLA GUTIERREZ CHIS., MX","16.75","-93.1333333","576.0","2019-05-14","  88.3","21"
"76843099999","TUXTLA GUTIERREZ CHIS., MX","16.75","-93.1333333","576.0","2019-05-15","  86.1","20"
"76843099999","TUXTLA GUTIERREZ CHIS., MX","16.75","-93.1333333","576.0","2019-05-16","  87.2","20"
"76843099999","TUXTLA GUTIERREZ CHIS., MX","16.75","-93.1333333","576.0","2019-05-17","  78.3","22"
"76843099999","TUXTLA GUTIERREZ CHIS., MX","16.75","-93.1333333","576.0","2019-05-18","  78.7","21"
"76843099999","TUXTLA GUTIERREZ CHIS., MX","16.75","-93.1333333","576.0","2019-05-19","  82.6","21"
"76843099999","TUXTLA GUTIERREZ CHIS., MX","16.75","-93.1333333","576.0","2019-05-20","  78.7","22"
"76843099999","TUXTLA GUTIERREZ CHIS., MX","16.75","-93.1333333","576.0","2019-05-21","  81.5","21"
"76843099999","TUXTLA GUTIERREZ CHIS., MX","16.75","-93.1333333","576.0","2019-05-22","  85.3","16"
"76843099999","TUXTLA GUTIERREZ CHIS., MX","16.75","-93.1333333","576.0","2019-05-23","  85.4","20"
"76843099999","TUXTLA GUTIERREZ CHIS., MX","16.75","-93.1333333","576.0","2019-05-24","  83.0","22"
"76843099999","TUXTLA GUTIERREZ CHIS., MX","16.75","-93.1333333","576.0","2019-05-25","  83.3","21"
"76843099999","TUXTLA GUTIERREZ CHIS., MX","16.75","-93.1333333","576.0","2019-05-26","  85.4","22"
"76843099999","TUXTLA GUTIERREZ CHIS., MX","16.75","-93.1333333","576.0","2019-05-27","  83.5","22"
"76843099999","TUXTLA GUTIERREZ CHIS., MX","16.75","-93.1333333","576.0","2019-05-28","  81.8","20"
"76843099999","TUXTLA GUTIERREZ CHIS., MX","16.75","-93.1333333","576.0","2019-05-29","  82.9","22"
"76843099999","TUXTLA GUTIERREZ CHIS., MX","16.75","-93.1333333","576.0","2019-05-30","  79.9","22"
"76843099999","TUXTLA GUTIERREZ CHIS., MX","16.75","-93.1333333","576.0","2019-05-31","  76.8","21"
"76843099999","TUXTLA GUTIERREZ CHIS., MX","16.75","-93.1333333","576.0","2019-06-01","  75.7","21"
"76843099999","TUXTLA GUTIERREZ CHIS., MX","16.75","-93.1333333","576.0","2019-06-02","  75.5","22"
"76843099999","TUXTLA GUTIERREZ CHIS., MX","16.75","-93.1333333","576.0","2019-06-03","  78.9","21"
"76843099999","TUXTLA GUTIERREZ CHIS., MX","16.75","-93.1333333","576.0","2019-06-04","  81.4","21"
"76843099999","TUXTLA GUTIERREZ CHIS., MX","16.75","-93.1333333","576.0","2019-06-05","  82.8","22"
"76843099999","TUXTLA GUTIERREZ CHIS., MX","16.75","-93.1333333","576.0","2019-06-06","  84.1","21"
"76843099999","TUXTLA GUTIERREZ CHIS., MX","16.75","-93.1333333","576.0","2019-06-07","  86.1","22"
"76843099999","TUXTLA GUTIERREZ CHIS., MX","16.75","-93.1333333","576.0","2019-06-08","  83.4","22"
"76843099999","TUXTLA GUTIERREZ CHIS., MX","16.75","-93.1333333","576.0","2019-06-09","  85.0","21"
"76843099999","TUXTLA GUTIERREZ CHIS., MX","16.75","-93.1333333","576.0","2019-06-10","  80.2","21"
"76843099999","TUXTLA GUTIERREZ CHIS., MX","16.75","-93.1333333","576.0","2019-06-11","  79.9","21"
"76843099999","TUXTLA GUTIERREZ CHIS., MX","16.75","-93.1333333","576.0","2019-06-12","  80.8","21"
"76843099999","TUXTLA GUTIERREZ CHIS., MX","16.75","-93.1333333","576.0","2019-06-13","  78.6","21"
"76843099999","TUXTLA GUTIERREZ CHIS., MX","16.75","-93.1333333","576.0","2019-06-14","  78.8","22"
"76843099999","TUXTLA GUTIERREZ CHIS., MX","16.75","-93.1333333","576.0","2019-06-15","  80.6","22"
"76843099999","TUXTLA GUTIERREZ CHIS., MX","16.75","-93.1333333","576.0","2019-06-16","  82.4","20"
"76843099999","TUXTLA GUTIERREZ CHIS., MX","16.75","-93.1333333","576.0","2019-06-17","  82.3","21"
"76843099999","TUXTLA GUTIERREZ CHIS., MX","16.75","-93.1333333","576.0","2019-06-18","  80.3","21"
"76843099999","TUXTLA GUTIERREZ CHIS., MX","16.75","-93.1333333","576.0","2019-06-19","  83.9","22"
"76843099999","TUXTLA GUTIERREZ CHIS., MX","16.75","-93.1333333","576.0","2019-06-20","  82.5","22"
"76843099999","TUXTLA GUTIERREZ CHIS., MX","16.75","-93.1333333","576.0","2019-06-21","  82.0","21"
"76843099999","TUXTLA GUTIERREZ CHIS., MX","16.75","-93.1333333","576.0","2019-06-22","  82.8","20"
"76843099999","TUXTLA GUTIERREZ CHIS., MX","16.75","-93.1333333","576.0","2019-06-23","  79.2","21"
"76843099999","TUXTLA GUTIERREZ CHIS., MX","16.75","-93.1333333","576.0","2019-06-24","  81.6","22"
"76843099999","TUXTLA GUTIERREZ CHIS., MX","16.75","-93.1333333","576.0","2019-06-25","  82.2","22"
"76843099999","TUXTLA GUTIERREZ CHIS., MX","16.75","-93.1333333","576.0","2019-06-26","  80.2","22"
"76843099999","TUXTLA GUTIERREZ CHIS., MX","16.75","-93.1333333","576.0","2019-06-27","  80.8","21"
"76843099999","TUXTLA GUTIERREZ CHIS., MX","16.75","-93.1333333","576.0","2019-06-28","  76.9","22"
"76843099999","TUXTLA GUTIERREZ CHIS., MX","16.75","-93.1333333","576.0","2019-06-29","  79.1","17"
"76843099999","TUXTLA GUTIERREZ CHIS., MX","16.75","-93.1333333","576.0","2019-06-30","  78.4","22"
"76843099999","TUXTLA GUTIERREZ CHIS., MX","16.75","-93.1333333","576.0","2019-07-01","  79.0","22"
"76843099999","TUXTLA GUTIERREZ CHIS., MX","16.75","-93.1333333","576.0","2019-07-02","  80.9","21"
"76843099999","TUXTLA GUTIERREZ CHIS., MX","16.75","-93.1333333","576.0","2019-07-03","  82.3","22"
"76843099999","TUXTLA GUTIERREZ CHIS., MX","16.75","-93.1333333","576.0","2019-07-04","  82.6","21"
"76843099999","TUXTLA GUTIERREZ CHIS., MX","16.75","-93.1333333","576.0","2019-07-05","  82.8","21"
"76843099999","TUXTLA GUTIERREZ CHIS., MX","16.75","-93.1333333","576.0","2019-07-06","  82.8","21"
"76843099999","TUXTLA GUTIERREZ CHIS., MX","16.75","-93.1333333","576.0","2019-07-07","  82.4","21"
"76843099999","TUXTLA GUTIERREZ CHIS., MX","16.75","-93.1333333","576.0","2019-07-08","  80.4","22"
"76843099999","TUXTLA GUTIERREZ CHIS., MX","16.75","-93.1333333","576.0","2019-07-09","  78.6","22"
"76843099999","TUXTLA GUTIERREZ CHIS., MX","16.75","-93.1333333","576.0","2019-07-10","  79.5","20"
"76843099999","TUXTLA GUTIERREZ CHIS., MX","16.75","-93.1333333","576.0","2019-07-11","  78.3","21"
"76843099999","TUXTLA GUTIERREZ CHIS., MX","16.75","-93.1333333","576.0","2019-07-12","  79.5","22"
"76843099999","TUXTLA GUTIERREZ CHIS., MX","16.75","-93.1333333","576.0","2019-07-13","  77.9","21"
"76843099999","TUXTLA GUTIERREZ CHIS., MX","16.75","-93.1333333","576.0","2019-07-14","  81.2","21"
"76843099999","TUXTLA GUTIERREZ CHIS., MX","16.75","-93.1333333","576.0","2019-07-15","  81.3","21"
"76843099999","TUXTLA GUTIERREZ CHIS., MX","16.75","-93.1333333","576.0","2019-07-16","  79.7","21"
"76843099999","TUXTLA GUTIERREZ CHIS., MX","16.75","-93.1333333","576.0","2019-07-17","  79.2","20"
"76843099999","TUXTLA GUTIERREZ CHIS., MX","16.75","-93.1333333","576.0","2019-07-18","  79.7","21"
"76843099999","TUXTLA GUTIERREZ CHIS., MX","16.75","-93.1333333","576.0","2019-07-19","  79.9","20"
"76843099999","TUXTLA GUTIERREZ CHIS., MX","16.75","-93.1333333","576.0","2019-07-20","  77.8","21"
"76843099999","TUXTLA GUTIERREZ CHIS., MX","16.75","-93.1333333","576.0","2019-07-21","  77.8","22"
"76843099999","TUXTLA GUTIERREZ CHIS., MX","16.75","-93.1333333","576.0","2019-07-22","  80.3","21"
"76843099999","TUXTLA GUTIERREZ CHIS., MX","16.75","-93.1333333","576.0","2019-07-23","  78.2","22"
"76843099999","TUXTLA GUTIERREZ CHIS., MX","16.75","-93.1333333","576.0","2019-07-24","  76.7","22"
"76843099999","TUXTLA GUTIERREZ CHIS., MX","16.75","-93.1333333","576.0","2019-07-25","  79.5","20"
"76843099999","TUXTLA GUTIERREZ CHIS., MX","16.75","-93.1333333","576.0","2019-07-26","  79.6","22"
"76843099999","TUXTLA GUTIERREZ CHIS., MX","16.75","-93.1333333","576.0","2019-07-27","  80.9","21"
"76843099999","TUXTLA GUTIERREZ CHIS., MX","16.75","-93.1333333","576.0","2019-07-28","  81.8","22"
"76843099999","TUXTLA GUTIERREZ CHIS., MX","16.75","-93.1333333","576.0","2019-07-29","  80.3","21"
"76843099999","TUXTLA GUTIERREZ CHIS., MX","16.75","-93.1333333","576.0","2019-07-30","  81.4","21"
"76843099999","TUXTLA GUTIERREZ CHIS., MX","16.75","-93.1333333","576.0","2019-07-31","  82.4","20"
"76843099999","TUXTLA GUTIERREZ CHIS., MX","16.75","-93.1333333","576.0","2019-08-01","  80.9","22"
"76843099999","TUXTLA GUTIERREZ CHIS., MX","16.75","-93.1333333","576.0","2019-08-02","  81.7","22"
"76843099999","TUXTLA GUTIERREZ CHIS., MX","16.75","-93.1333333","576.0","2019-08-03","  82.3","20"
"76843099999","TUXTLA GUTIERREZ CHIS., MX","16.75","-93.1333333","576.0","2019-08-04","  80.0","20"
"76843099999","TUXTLA GUTIERREZ CHIS., MX","16.75","-93.1333333","576.0","2019-08-05","  75.9","22"
"76843099999","TUXTLA GUTIERREZ CHIS., MX","16.75","-93.1333333","576.0","2019-08-06","  81.9","20"
"76843099999","TUXTLA GUTIERREZ CHIS., MX","16.75","-93.1333333","576.0","2019-08-07","  78.9","20"
"76843099999","TUXTLA GUTIERREZ CHIS., MX","16.75","-93.1333333","576.0","2019-08-08","  82.3","21"
"76843099999","TUXTLA GUTIERREZ CHIS., MX","16.75","-93.1333333","576.0","2019-08-09","  79.4","22"
"76843099999","TUXTLA GUTIERREZ CHIS., MX","16.75","-93.1333333","576.0","2019-08-10","  77.1","21"
"76843099999","TUXTLA GUTIERREZ CHIS., MX","16.75","-93.1333333","576.0","2019-08-11","  80.2","22"
"76843099999","TUXTLA GUTIERREZ CHIS., MX","16.75","-93.1333333","576.0","2019-08-12","  78.6","21"
"76843099999","TUXTLA GUTIERREZ CHIS., MX","16.75","-93.1333333","576.0","2019-08-13","  81.4","21"
"76843099999","TUXTLA GUTIERREZ CHIS., MX","16.75","-93.1333333","576.0","2019-08-14","  82.7","22"
"76843099999","TUXTLA GUTIERREZ CHIS., MX","16.75","-93.1333333","576.0","2019-08-15","  80.7","22"
"76843099999","TUXTLA GUTIERREZ CHIS., MX","16.75","-93.1333333","576.0","2019-08-16","  78.9","21"
"76843099999","TUXTLA GUTIERREZ CHIS., MX","16.75","-93.1333333","576.0","2019-08-17","  81.4","21"
"76843099999","TUXTLA GUTIERREZ CHIS., MX","16.75","-93.1333333","576.0","2019-08-18","  79.4","21"
"76843099999","TUXTLA GUTIERREZ CHIS., MX","16.75","-93.1333333","576.0","2019-08-19","  77.6","21"
"76843099999","TUXTLA GUTIERREZ CHIS., MX","16.75","-93.1333333","576.0","2019-08-20","  78.3","20"
"76843099999","TUXTLA GUTIERREZ CHIS., MX","16.75","-93.1333333","576.0","2019-08-21","  78.3","22"
"76843099999","TUXTLA GUTIERREZ CHIS., MX","16.75","-93.1333333","576.0","2019-08-22","  80.3","22"
"76843099999","TUXTLA GUTIERREZ CHIS., MX","16.75","-93.1333333","576.0","2019-08-23","  81.9","21"
"76843099999","TUXTLA GUTIERREZ CHIS., MX","16.75","-93.1333333","576.0","2019-08-24","  81.4","19"
"76843099999","TUXTLA GUTIERREZ CHIS., MX","16.75","-93.1333333","576.0","2019-08-25","  81.9","22"
"76843099999","TUXTLA GUTIERREZ CHIS., MX","16.75","-93.1333333","576.0","2019-08-26","  83.8","21"
"76843099999","TUXTLA GUTIERREZ CHIS., MX","16.75","-93.1333333","576.0","2019-08-27","  78.3","21"
"76843099999","TUXTLA GUTIERREZ CHIS., MX","16.75","-93.1333333","576.0","2019-08-28","  80.6","22"
"76843099999","TUXTLA GUTIERREZ CHIS., MX","16.75","-93.1333333","576.0","2019-08-29","  77.8","21"
"76843099999","TUXTLA GUTIERREZ CHIS., MX","16.75","-93.1333333","576.0","2019-08-30","  76.6","20"
"76843099999","TUXTLA GUTIERREZ CHIS., MX","16.75","-93.1333333","576.0","2019-08-31","  79.8","20"
"76843099999","TUXTLA GUTIERREZ CHIS., MX","16.75","-93.1333333","576.0","2019-09-01","  80.0","20"
"76843099999","TUXTLA GUTIERREZ CHIS., MX","16.75","-93.1333333","576.0","2019-09-02","  80.3","20"
"76843099999","TUXTLA GUTIERREZ CHIS., MX","16.75","-93.1333333","576.0","2019-09-03","  79.5","20"
"76843099999","TUXTLA GUTIERREZ CHIS., MX","16.75","-93.1333333","576.0","2019-09-04","  81.5","21"
"76843099999","TUXTLA GUTIERREZ CHIS., MX","16.75","-93.1333333","576.0","2019-09-05","  81.2","22"
"76843099999","TUXTLA GUTIERREZ CHIS., MX","16.75","-93.1333333","576.0","2019-09-06","  82.4","21"
"76843099999","TUXTLA GUTIERREZ CHIS., MX","16.75","-93.1333333","576.0","2019-09-07","  78.9","20"
"76843099999","TUXTLA GUTIERREZ CHIS., MX","16.75","-93.1333333","576.0","2019-09-08","  79.4","22"
"76843099999","TUXTLA GUTIERREZ CHIS., MX","16.75","-93.1333333","576.0","2019-09-09","  80.5","21"
"76843099999","TUXTLA GUTIERREZ CHIS., MX","16.75","-93.1333333","576.0","2019-09-10","  81.5","21"
"76843099999","TUXTLA GUTIERREZ CHIS., MX","16.75","-93.1333333","576.0","2019-09-11","  77.3","22"
"76843099999","TUXTLA GUTIERREZ CHIS., MX","16.75","-93.1333333","576.0","2019-09-12","  80.0","18"
"76843099999","TUXTLA GUTIERREZ CHIS., MX","16.75","-93.1333333","576.0","2019-09-13","  79.0","21"
"76843099999","TUXTLA GUTIERREZ CHIS., MX","16.75","-93.1333333","576.0","2019-09-14","  77.4","22"
"76843099999","TUXTLA GUTIERREZ CHIS., MX","16.75","-93.1333333","576.0","2019-09-15","  80.2","20"
"76843099999","TUXTLA GUTIERREZ CHIS., MX","16.75","-93.1333333","576.0","2019-09-16","  81.2","20"
"76843099999","TUXTLA GUTIERREZ CHIS., MX","16.75","-93.1333333","576.0","2019-09-17","  79.8","22"
"76843099999","TUXTLA GUTIERREZ CHIS., MX","16.75","-93.1333333","576.0","2019-09-18","  76.8","21"
"76843099999","TUXTLA GUTIERREZ CHIS., MX","16.75","-93.1333333","576.0","2019-09-19","  80.1","21"
"76843099999","TUXTLA GUTIERREZ CHIS., MX","16.75","-93.1333333","576.0","2019-09-20","  80.3","22"
"76843099999","TUXTLA GUTIERREZ CHIS., MX","16.75","-93.1333333","576.0","2019-09-21","  80.7","18"
"76843099999","TUXTLA GUTIERREZ CHIS., MX","16.75","-93.1333333","576.0","2019-09-22","  81.1","19"
"76843099999","TUXTLA GUTIERREZ CHIS., MX","16.75","-93.1333333","576.0","2019-09-23","  78.8","21"
"76843099999","TUXTLA GUTIERREZ CHIS., MX","16.75","-93.1333333","576.0","2019-09-24","  77.8","21"
"76843099999","TUXTLA GUTIERREZ CHIS., MX","16.75","-93.1333333","576.0","2019-09-25","  79.7","20"
"76843099999","TUXTLA GUTIERREZ CHIS., MX","16.75","-93.1333333","576.0","2019-09-26","  79.8","19"
"76843099999","TUXTLA GUTIERREZ CHIS., MX","16.75","-93.1333333","576.0","2019-09-27","  79.0","22"
"76843099999","TUXTLA GUTIERREZ CHIS., MX","16.75","-93.1333333","576.0","2019-09-28","  77.6","19"
"76843099999","TUXTLA GUTIERREZ CHIS., MX","16.75","-93.1333333","576.0","2019-09-29","  75.6","21"
"76843099999","TUXTLA GUTIERREZ CHIS., MX","16.75","-93.1333333","576.0","2019-09-30","  79.1","19"
"76843099999","TUXTLA GUTIERREZ CHIS., MX","16.75","-93.1333333","576.0","2019-10-01","  78.5","22"
"76843099999","TUXTLA GUTIERREZ CHIS., MX","16.75","-93.1333333","576.0","2019-10-02","  76.5","18"
"76843099999","TUXTLA GUTIERREZ CHIS., MX","16.75","-93.1333333","576.0","2019-10-03","  76.8","21"
"76843099999","TUXTLA GUTIERREZ CHIS., MX","16.75","-93.1333333","576.0","2019-10-04","  78.5","19"
"76843099999","TUXTLA GUTIERREZ CHIS., MX","16.75","-93.1333333","576.0","2019-10-05","  78.0","21"
"76843099999","TUXTLA GUTIERREZ CHIS., MX","16.75","-93.1333333","576.0","2019-10-06","  78.1","21"
"76843099999","TUXTLA GUTIERREZ CHIS., MX","16.75","-93.1333333","576.0","2019-10-07","  78.6","20"
"76843099999","TUXTLA GUTIERREZ CHIS., MX","16.75","-93.1333333","576.0","2019-10-08","  76.6","20"
"76843099999","TUXTLA GUTIERREZ CHIS., MX","16.75","-93.1333333","576.0","2019-10-09","  79.0","20"
"76843099999","TUXTLA GUTIERREZ CHIS., MX","16.75","-93.1333333","576.0","2019-10-10","  79.3","20"
"76843099999","TUXTLA GUTIERREZ CHIS., MX","16.75","-93.1333333","576.0","2019-10-11","  78.5","19"
"76843099999","TUXTLA GUTIERREZ CHIS., MX","16.75","-93.1333333","576.0","2019-10-12","  77.3","22"
"76843099999","TUXTLA GUTIERREZ CHIS., MX","16.75","-93.1333333","576.0","2019-10-13","  79.5","20"
"76843099999","TUXTLA GUTIERREZ CHIS., MX","16.75","-93.1333333","576.0","2019-10-14","  77.3","21"
"76843099999","TUXTLA GUTIERREZ CHIS., MX","16.75","-93.1333333","576.0","2019-10-15","  77.9","22"
"76843099999","TUXTLA GUTIERREZ CHIS., MX","16.75","-93.1333333","576.0","2019-10-16","  76.7","21"
"76843099999","TUXTLA GUTIERREZ CHIS., MX","16.75","-93.1333333","576.0","2019-10-17","  78.6","19"
"76843099999","TUXTLA GUTIERREZ CHIS., MX","16.75","-93.1333333","576.0","2019-10-18","  79.5","22"
"76843099999","TUXTLA GUTIERREZ CHIS., MX","16.75","-93.1333333","576.0","2019-10-19","  80.5","21"
"76843099999","TUXTLA GUTIERREZ CHIS., MX","16.75","-93.1333333","576.0","2019-10-20","  81.2","20"
"76843099999","TUXTLA GUTIERREZ CHIS., MX","16.75","-93.1333333","576.0","2019-10-21","  80.0","21"
"76843099999","TUXTLA GUTIERREZ CHIS., MX","16.75","-93.1333333","576.0","2019-10-22","  78.7","21"
"76843099999","TUXTLA GUTIERREZ CHIS., MX","16.75","-93.1333333","576.0","2019-10-23","  76.7","20"
"76843099999","TUXTLA GUTIERREZ CHIS., MX","16.75","-93.1333333","576.0","2019-10-24","  78.1","21"
"76843099999","TUXTLA GUTIERREZ CHIS., MX","16.75","-93.1333333","576.0","2019-10-25","  76.5","21"
"76843099999","TUXTLA GUTIERREZ CHIS., MX","16.75","-93.1333333","576.0","2019-10-26","  74.1","19"
"76843099999","TUXTLA GUTIERREZ CHIS., MX","16.75","-93.1333333","576.0","2019-10-27","  73.3","20"
"76843099999","TUXTLA GUTIERREZ CHIS., MX","16.75","-93.1333333","576.0","2019-10-28","  75.6","21"
"76843099999","TUXTLA GUTIERREZ CHIS., MX","16.75","-93.1333333","576.0","2019-10-29","  78.2","20"
"76843099999","TUXTLA GUTIERREZ CHIS., MX","16.75","-93.1333333","576.0","2019-10-30","  76.4","21"
"76843099999","TUXTLA GUTIERREZ CHIS., MX","16.75","-93.1333333","576.0","2019-10-31","  77.3","20"
"76843099999","TUXTLA GUTIERREZ CHIS., MX","16.75","-93.1333333","576.0","2019-11-01","  73.1","21"
"76843099999","TUXTLA GUTIERREZ CHIS., MX","16.75","-93.1333333","576.0","2019-11-02","  71.9","19"
"76843099999","TUXTLA GUTIERREZ CHIS., MX","16.75","-93.1333333","576.0","2019-11-03","  74.3","20"
"76843099999","TUXTLA GUTIERREZ CHIS., MX","16.75","-93.1333333","576.0","2019-11-04","  76.0","20"
"76843099999","TUXTLA GUTIERREZ CHIS., MX","16.75","-93.1333333","576.0","2019-11-05","  77.2","20"
"76843099999","TUXTLA GUTIERREZ CHIS., MX","16.75","-93.1333333","576.0","2019-11-06","  78.2","20"
"76843099999","TUXTLA GUTIERREZ CHIS., MX","16.75","-93.1333333","576.0","2019-11-07","  77.3","14"
"76843099999","TUXTLA GUTIERREZ CHIS., MX","16.75","-93.1333333","576.0","2019-11-08","  78.2","19"
"76843099999","TUXTLA GUTIERREZ CHIS., MX","16.75","-93.1333333","576.0","2019-11-09","  76.7","21"
"76843099999","TUXTLA GUTIERREZ CHIS., MX","16.75","-93.1333333","576.0","2019-11-10","  76.4","19"
"76843099999","TUXTLA GUTIERREZ CHIS., MX","16.75","-93.1333333","576.0","2019-11-11","  75.7","21"
"76843099999","TUXTLA GUTIERREZ CHIS., MX","16.75","-93.1333333","576.0","2019-11-12","  76.2","21"
"76843099999","TUXTLA GUTIERREZ CHIS., MX","16.75","-93.1333333","576.0","2019-11-13","  72.4","21"
"76843099999","TUXTLA GUTIERREZ CHIS., MX","16.75","-93.1333333","576.0","2019-11-14","  72.0","21"
"76843099999","TUXTLA GUTIERREZ CHIS., MX","16.75","-93.1333333","576.0","2019-11-15","  73.1","21"
"76843099999","TUXTLA GUTIERREZ CHIS., MX","16.75","-93.1333333","576.0","2019-11-16","  73.1","20"
"76843099999","TUXTLA GUTIERREZ CHIS., MX","16.75","-93.1333333","576.0","2019-11-17","  73.4","20"
"76843099999","TUXTLA GUTIERREZ CHIS., MX","16.75","-93.1333333","576.0","2019-11-18","  72.7","19"
"76843099999","TUXTLA GUTIERREZ CHIS., MX","16.75","-93.1333333","576.0","2019-11-19","  72.4","19"
"76843099999","TUXTLA GUTIERREZ CHIS., MX","16.75","-93.1333333","576.0","2019-11-20","  73.1","20"
"76843099999","TUXTLA GUTIERREZ CHIS., MX","16.75","-93.1333333","576.0","2019-11-21","  75.9","19"
"76843099999","TUXTLA GUTIERREZ CHIS., MX","16.75","-93.1333333","576.0","2019-11-22","  77.0","19"
"76843099999","TUXTLA GUTIERREZ CHIS., MX","16.75","-93.1333333","576.0","2019-11-23","  78.7","18"
"76843099999","TUXTLA GUTIERREZ CHIS., MX","16.75","-93.1333333","576.0","2019-11-24","  77.5","20"
"76843099999","TUXTLA GUTIERREZ CHIS., MX","16.75","-93.1333333","576.0","2019-11-25","  75.0","21"
"76843099999","TUXTLA GUTIERREZ CHIS., MX","16.75","-93.1333333","576.0","2019-11-26","  78.1","20"
"76843099999","TUXTLA GUTIERREZ CHIS., MX","16.75","-93.1333333","576.0","2019-11-27","  78.2","21"
"76843099999","TUXTLA GUTIERREZ CHIS., MX","16.75","-93.1333333","576.0","2019-11-28","  79.4","19"
"76843099999","TUXTLA GUTIERREZ CHIS., MX","16.75","-93.1333333","576.0","2019-11-29","  77.7","20"
"76843099999","TUXTLA GUTIERREZ CHIS., MX","16.75","-93.1333333","576.0","2019-11-30","  77.1","19"
"76843099999","TUXTLA GUTIERREZ CHIS., MX","16.75","-93.1333333","576.0","2019-12-01","  76.6","20"
"76843099999","TUXTLA GUTIERREZ CHIS., MX","16.75","-93.1333333","576.0","2019-12-02","  77.2","21"
"76843099999","TUXTLA GUTIERREZ CHIS., MX","16.75","-93.1333333","576.0","2019-12-03","  75.7","19"
"76843099999","TUXTLA GUTIERREZ CHIS., MX","16.75","-93.1333333","576.0","2019-12-04","  74.5","19"
"76843099999","TUXTLA GUTIERREZ CHIS., MX","16.75","-93.1333333","576.0","2019-12-05","  76.4","20"
"76843099999","TUXTLA GUTIERREZ CHIS., MX","16.75","-93.1333333","576.0","2019-12-06","  76.7","21"
"76843099999","TUXTLA GUTIERREZ CHIS., MX","16.75","-93.1333333","576.0","2019-12-07","  76.5","20"
"76843099999","TUXTLA GUTIERREZ CHIS., MX","16.75","-93.1333333","576.0","2019-12-08","  75.2","21"
"76843099999","TUXTLA GUTIERREZ CHIS., MX","16.75","-93.1333333","576.0","2019-12-09","  75.2","20"
"76843099999","TUXTLA GUTIERREZ CHIS., MX","16.75","-93.1333333","576.0","2019-12-10","  76.7","21"
"76843099999","TUXTLA GUTIERREZ CHIS., MX","16.75","-93.1333333","576.0","2019-12-11","  77.4","21"
"76843099999","TUXTLA GUTIERREZ CHIS., MX","16.75","-93.1333333","576.0","2019-12-12","  73.8","20"
"76843099999","TUXTLA GUTIERREZ CHIS., MX","16.75","-93.1333333","576.0","2019-12-13","  73.8","20"
"76843099999","TUXTLA GUTIERREZ CHIS., MX","16.75","-93.1333333","576.0","2019-12-14","  74.6","20"
"76843099999","TUXTLA GUTIERREZ CHIS., MX","16.75","-93.1333333","576.0","2019-12-15","  75.7","20"
"76843099999","TUXTLA GUTIERREZ CHIS., MX","16.75","-93.1333333","576.0","2019-12-16","  77.9","20"
"76843099999","TUXTLA GUTIERREZ CHIS., MX","16.75","-93.1333333","576.0","2019-12-17","  77.0","19"
"76843099999","TUXTLA GUTIERREZ CHIS., MX","16.75","-93.1333333","576.0","2019-12-18","  71.5","21"
"76843099999","TUXTLA GUTIERREZ CHIS., MX","16.75","-93.1333333","576.0","2019-12-19","  67.1","19"
"76843099999","TUXTLA GUTIERREZ CHIS., MX","16.75","-93.1333333","576.0","2019-12-20","  69.3","20"
"76843099999","TUXTLA GUTIERREZ CHIS., MX","16.75","-93.1333333","576.0","2019-12-21","  69.4","21"
"76843099999","TUXTLA GUTIERREZ CHIS., MX","16.75","-93.1333333","576.0","2019-12-22","  71.7","20"
"76843099999","TUXTLA GUTIERREZ CHIS., MX","16.75","-93.1333333","576.0","2019-12-23","  70.3","21"
"76843099999","TUXTLA GUTIERREZ CHIS., MX","16.75","-93.1333333","576.0","2019-12-24","  69.1","19"
"76843099999","TUXTLA GUTIERREZ CHIS., MX","16.75","-93.1333333","576.0","2019-12-25","  70.5","19"
"76843099999","TUXTLA GUTIERREZ CHIS., MX","16.75","-93.1333333","576.0","2019-12-26","  73.5","20"
"76843099999","TUXTLA GUTIERREZ CHIS., MX","16.75","-93.1333333","576.0","2019-12-27","  72.2","20"
"76843099999","TUXTLA GUTIERREZ CHIS., MX","16.75","-93.1333333","576.0","2019-12-28","  71.3","21"
"76843099999","TUXTLA GUTIERREZ CHIS., MX","16.75","-93.1333333","576.0","2019-12-29","  75.3","21"
"76843099999","TUXTLA GUTIERREZ CHIS., MX","16.75","-93.1333333","576.0","2019-12-30","  75.0","20"
"76843099999","TUXTLA GUTIERREZ CHIS., MX","16.75","-93.1333333","576.0","2019-12-31","  74.8","18"
